Personality,Image Count
leonardo dicaprio,237
robert downey jr,233
katherine langford,226
alexandra daddario,225
elizabeth olsen,221
margot robbie,221
amber heard,218
adriana lima,213
logan lerman,212
emma watson,211
alycia dabnem carey,211
emilia clarke,210
brenton thwaites,209
megan fox,209
sophie turner,204
kiernen shipka,203
anne hathaway,203
scarlett johansson,201
gal gadot,199
tom hardy,198
natalie dormer,198
barbara palvin,197
andy samberg,196
henry cavil,195
maisie williams,193
madelaine petsch,192
tom cruise,192
millie bobby brown,191
zac efron,191
tom holland,189
ellen page,188
gwyneth paltrow,187
selena gomez,186
zoe saldana,186
jason momoa,184
grant gustin,183
johnny depp,182
danielle panabaker,181
tom hiddleston,181
jennifer lawrence,180
tom ellis,180
wentworth miller,179
hugh jackman,179
mark ruffalo,178
rebecca ferguson,178
miley cyrus,178
katharine mcphee,177
chris pratt,176
morena baccarin,175
penn badgley,171
krysten ritter,171
lindsey morgan,169
brie larson,169
jeremy renner,167
ursula corbero,167
natalie portman,166
chris evans,166
avril lavigne,162
camila mendes,162
eliza taylor,162
marie avgeropoulos,161
rami malek,160
keanu reeves,160
jake mcdorman,159
chris hemsworth,159
stephen amell,159
sarah wayne callies,159
elizabeth lail,158
irina shayk,156
robert de niro,156
christian bale,154
shakira isabel mebarak,154
melissa fumero,154
alex lawther,152
lili reinhart,150
richard harmon,148
dominic purcell,146
jessica barden,141
dwayne johnson,141
emma stone,139
alvaro morte,139
zendaya,138
bobby morley,138
elon musk,135
rihanna,133
tuppence middleton,133
nadia hilker,133
taylor swift,131
inbar lavi,127
ben affleck,126
pedro alonso,125
anthony mackie,124
bill gates,122
maria pedraza,122
barack obama,119
amanda crew,117
josh radnor,117
neil patrick harris,116
jimmy fallon,113
jeff bezos,106
morgan freeman,105
brian j. smith,102
cristiano ronaldo,98
mark zuckerberg,95
lionel messi,86
